BEGIN TRANSACTION;
CREATE TABLE IF NOT EXISTS `SUPPLIER` (
	`SupplierID`	INTEGER NOT NULL UNIQUE,
	`AddressID`	INTEGER NOT NULL,
	`SupplyName`	TEXT NOT NULL,
	FOREIGN KEY(`AddressID`) REFERENCES `ADDRESS`(`AddressID`)
);
INSERT INTO `SUPPLIER` VALUES (1,25,'Bilabong Inc.');
INSERT INTO `SUPPLIER` VALUES (2,20,'Solar Tech Inc.');
INSERT INTO `SUPPLIER` VALUES (3,19,'Bike Parts Inc.');
INSERT INTO `SUPPLIER` VALUES (4,16,'Ruuber LLC');
INSERT INTO `SUPPLIER` VALUES (5,21,'Nike Inc.');
CREATE TABLE IF NOT EXISTS `SALES` (
	`SalesID`	INTEGER NOT NULL PRIMARY KEY AUTOINCREMENT UNIQUE,
	`InvoiceID`	INTEGER NOT NULL UNIQUE,
	`CustInfoID`	INTEGER NOT NULL,
	`EmpUserName`	TEXT NOT NULL,
	`Date`	NUMERIC NOT NULL,
	FOREIGN KEY(`EmpUserName`) REFERENCES `EMPLOYEE`(`EmpUserName`),
	FOREIGN KEY(`InvoiceID`) REFERENCES `INVOICE`(`InvoiceID`),
	FOREIGN KEY(`CustInfoID`) REFERENCES `CUSTOMER_INFO`(`CustInfoID`)
);
INSERT INTO `SALES` VALUES (1,85231,102,'Sbalfonso',43425);
INSERT INTO `SALES` VALUES (2,15203,104,'Sbalfonso',43385);
INSERT INTO `SALES` VALUES (3,54987,105,'Sbalfonso',43391);
INSERT INTO `SALES` VALUES (4,32150,107,'nwlee',43408);
INSERT INTO `SALES` VALUES (5,96584,109,'nwlee',43412);
INSERT INTO `SALES` VALUES (6,52147,111,'freeeedaaa',43436);
INSERT INTO `SALES` VALUES (7,41573,114,'techmir',43285);
INSERT INTO `SALES` VALUES (8,12365,113,'techmir',43324);
INSERT INTO `SALES` VALUES (9,36985,111,'samehere',43718);
CREATE TABLE IF NOT EXISTS `REPAIR_JOB` (
	`RepairJobID`	INTEGER NOT NULL UNIQUE,
	`PartsID`	INTEGER NOT NULL,
	`EmpUserName`	TEXT NOT NULL,
	`PartsQuantity`	INTEGER NOT NULL,
	FOREIGN KEY(`EmpUserName`) REFERENCES `EMPLOYEE`(`EmpUserName`),
	PRIMARY KEY(`RepairJobID`),
	FOREIGN KEY(`PartsID`) REFERENCES `PARTS`(`PartsID`)
);
INSERT INTO `REPAIR_JOB` VALUES (200,10,'samehere',1);
INSERT INTO `REPAIR_JOB` VALUES (201,10,'adliMang',1);
INSERT INTO `REPAIR_JOB` VALUES (202,6,'samehere',1);
INSERT INTO `REPAIR_JOB` VALUES (203,4,'samehere',1);
INSERT INTO `REPAIR_JOB` VALUES (204,5,'adliMang',1);
INSERT INTO `REPAIR_JOB` VALUES (205,9,'samehere',1);
INSERT INTO `REPAIR_JOB` VALUES (206,9,'samehere',1);
INSERT INTO `REPAIR_JOB` VALUES (207,3,'samehere',1);
INSERT INTO `REPAIR_JOB` VALUES (208,10,'adliMang',1);
INSERT INTO `REPAIR_JOB` VALUES (209,9,'adliMang',1);
CREATE TABLE IF NOT EXISTS `PRODUCT` (
	`ProductID`	INTEGER NOT NULL PRIMARY KEY AUTOINCREMENT UNIQUE,
	`SupplierID`	INTEGER NOT NULL,
	`AssemblyID`	INTEGER,
	`ProductName`	TEXT NOT NULL,
	`ProductPrice`	REAL NOT NULL,
	FOREIGN KEY(`AssemblyID`) REFERENCES `ASSEMBLY_GROUP`(`AssemblyID`),
	FOREIGN KEY(`SupplierID`) REFERENCES `SUPPLIER`(`SupplierID`)
);
INSERT INTO `PRODUCT` VALUES (1,1,NULL,'Men''s Bike Jacket',70.0);
INSERT INTO `PRODUCT` VALUES (2,1,NULL,'Women''s Bike Jacket',80.0);
INSERT INTO `PRODUCT` VALUES (3,1,NULL,'Men''s Bike Shorts',50.0);
INSERT INTO `PRODUCT` VALUES (4,5,NULL,'Women''s Bike Shorts',60.0);
INSERT INTO `PRODUCT` VALUES (5,5,NULL,'Helmet',33.0);
INSERT INTO `PRODUCT` VALUES (6,3,NULL,'Gloves',23.0);
INSERT INTO `PRODUCT` VALUES (7,3,NULL,'Knee Pads',32.0);
INSERT INTO `PRODUCT` VALUES (8,3,NULL,'Elbow Bads',35.0);
INSERT INTO `PRODUCT` VALUES (9,5,NULL,'Men''s Bike Shoes',52.0);
INSERT INTO `PRODUCT` VALUES (10,5,NULL,'Women''s Bike Shoes',57.0);
INSERT INTO `PRODUCT` VALUES (11,3,NULL,'Blinkers',22.0);
INSERT INTO `PRODUCT` VALUES (12,1,NULL,'Kid''s Bike Jacket',50.0);
INSERT INTO `PRODUCT` VALUES (13,5,NULL,'Kid''s Bike Shorts',45.0);
INSERT INTO `PRODUCT` VALUES (14,5,NULL,'Kid''s Bike Shoes',47.0);
INSERT INTO `PRODUCT` VALUES (15,2,NULL,'Water Bottles',18.0);
CREATE TABLE IF NOT EXISTS `PARTS` (
	`PartsID`	INTEGER NOT NULL PRIMARY KEY AUTOINCREMENT UNIQUE,
	`SupplierID`	INTEGER NOT NULL,
	`PartName`	TEXT NOT NULL UNIQUE,
	`PartPrice`	REAL NOT NULL,
	FOREIGN KEY(`SupplierID`) REFERENCES `SUPPLIER`(`SupplierID`)
);
INSERT INTO `PARTS` VALUES (1,3,'Eagle Group Set',375.0);
INSERT INTO `PARTS` VALUES (2,3,'Ultegra R8000 Group Set',659.99);
INSERT INTO `PARTS` VALUES (3,3,'Bicycle Exhaust System',23.99);
INSERT INTO `PARTS` VALUES (4,3,'Fly Highway Pedals',18.99);
INSERT INTO `PARTS` VALUES (5,3,'Moutain Frame',749.99);
INSERT INTO `PARTS` VALUES (6,2,'Knog PWR Bank',41.97);
INSERT INTO `PARTS` VALUES (7,2,'Adventure Kit Pack',119.99);
INSERT INTO `PARTS` VALUES (8,1,'26 Inch Goodyear',14.96);
INSERT INTO `PARTS` VALUES (9,1,'WTB Tire',21.99);
INSERT INTO `PARTS` VALUES (10,1,'Diamondback Tire',9.79);
CREATE TABLE IF NOT EXISTS `INVOICE` (
	`InvoiceID`	INTEGER NOT NULL PRIMARY KEY AUTOINCREMENT UNIQUE,
	`RepairJobID`	INTEGER,
	`ProductID`	INTEGER,
	`TotalPrice`	REAL NOT NULL,
	FOREIGN KEY(`RepairJobID`) REFERENCES `REPAIR_JOB`(`RepairJobID`),
	FOREIGN KEY(`ProductID`) REFERENCES `PRODUCT`(`ProductID`)
);
INSERT INTO `INVOICE` VALUES (12365,NULL,NULL,'');
INSERT INTO `INVOICE` VALUES (15203,NULL,NULL,'');
INSERT INTO `INVOICE` VALUES (32150,NULL,NULL,'');
INSERT INTO `INVOICE` VALUES (36985,NULL,NULL,'');
INSERT INTO `INVOICE` VALUES (41573,NULL,NULL,'');
INSERT INTO `INVOICE` VALUES (52147,NULL,NULL,'');
INSERT INTO `INVOICE` VALUES (54987,NULL,NULL,'');
INSERT INTO `INVOICE` VALUES (85231,NULL,NULL,'');
INSERT INTO `INVOICE` VALUES (96584,NULL,NULL,'');
CREATE TABLE IF NOT EXISTS `EMPLOYEE` (
	`EmpUserName`	TEXT NOT NULL UNIQUE,
	`EmpFName`	TEXT NOT NULL,
	`EmpLName`	TEXT NOT NULL,
	`EmpPassword`	TEXT NOT NULL UNIQUE,
	`IsManager`	INTEGER NOT NULL DEFAULT 0,
	PRIMARY KEY(`EmpUserName`)
);
INSERT INTO `EMPLOYEE` VALUES ('Sbalfonso','Samantha','Alfonso','WannaOne=1',0);
INSERT INTO `EMPLOYEE` VALUES ('nwlee','Nicholas','Lee','12314',0);
INSERT INTO `EMPLOYEE` VALUES ('actuallyAdmin','Daniel ','Phan','icantcode',1);
INSERT INTO `EMPLOYEE` VALUES ('adliMang','Adli','Sucks','MangNoAsthma5210',1);
INSERT INTO `EMPLOYEE` VALUES ('freeeedaaa','Freeda','Freedom','iFinance!',0);
INSERT INTO `EMPLOYEE` VALUES ('techmir','Amir','Fardo','goInternet6845',0);
INSERT INTO `EMPLOYEE` VALUES ('samehere','Sameer','Heere','BikeRepairs800!',0);
CREATE TABLE IF NOT EXISTS `CUSTOMER_INFO` (
	`CustInfoID`	INTEGER NOT NULL PRIMARY KEY AUTOINCREMENT UNIQUE,
	`CustomerID`	INTEGER NOT NULL,
	`AddressID`	INTEGER NOT NULL,
	FOREIGN KEY(`AddressID`) REFERENCES `ADDRESS`(`AddressID`),
	FOREIGN KEY(`CustomerID`) REFERENCES `CUSTOMER`(`CustomerID`)
);
INSERT INTO `CUSTOMER_INFO` VALUES (100,10,13);
INSERT INTO `CUSTOMER_INFO` VALUES (101,8,7);
INSERT INTO `CUSTOMER_INFO` VALUES (102,6,12);
INSERT INTO `CUSTOMER_INFO` VALUES (103,4,15);
INSERT INTO `CUSTOMER_INFO` VALUES (104,2,9);
INSERT INTO `CUSTOMER_INFO` VALUES (105,1,8);
INSERT INTO `CUSTOMER_INFO` VALUES (106,3,3);
INSERT INTO `CUSTOMER_INFO` VALUES (107,5,2);
INSERT INTO `CUSTOMER_INFO` VALUES (108,7,1);
INSERT INTO `CUSTOMER_INFO` VALUES (109,9,10);
INSERT INTO `CUSTOMER_INFO` VALUES (110,15,11);
INSERT INTO `CUSTOMER_INFO` VALUES (111,11,4);
INSERT INTO `CUSTOMER_INFO` VALUES (112,14,5);
INSERT INTO `CUSTOMER_INFO` VALUES (113,13,14);
INSERT INTO `CUSTOMER_INFO` VALUES (114,12,6);
CREATE TABLE IF NOT EXISTS `CUSTOMER` (
	`CustomerID`	INTEGER NOT NULL UNIQUE,
	`CustFName`	TEXT NOT NULL,
	`CustLName`	TEXT NOT NULL,
	`CustEmail`	TEXT NOT NULL UNIQUE,
	PRIMARY KEY(`CustomerID`)
);
INSERT INTO `CUSTOMER` VALUES (1,'Kevin','Lee','KevinLee@gmail.com');
INSERT INTO `CUSTOMER` VALUES (2,'Jacob','Long','JacobLong@hotmail.com');
INSERT INTO `CUSTOMER` VALUES (3,'Daniel','Black','DanielBlack@gmail.com');
INSERT INTO `CUSTOMER` VALUES (4,'Samatha ','Khoi','Samatha Khoi@hotmail.com');
INSERT INTO `CUSTOMER` VALUES (5,'Clara','White','ClaraWhite@yahoo.com');
INSERT INTO `CUSTOMER` VALUES (6,'Jackie','Sandoval ','JackieSandoval @yahoo.com');
INSERT INTO `CUSTOMER` VALUES (7,'Luis','Ortega','LuisOrtega@gmail.com');
INSERT INTO `CUSTOMER` VALUES (8,'Frank','Lugo','FrankLugo@gmail.com');
INSERT INTO `CUSTOMER` VALUES (9,'Alexa','Maldonado','AlexaMaldonado@gmail.com');
INSERT INTO `CUSTOMER` VALUES (10,'Nicole','Cornado','NicoleCornado@yahoo.com');
INSERT INTO `CUSTOMER` VALUES (11,'Mark','Tuan','MarkTuan@gmail.com');
INSERT INTO `CUSTOMER` VALUES (12,'Jackson','Wang','JacksonWang@hotmail.com');
INSERT INTO `CUSTOMER` VALUES (13,'Tiffany','Tran','TiffanyTran@gmail.com');
INSERT INTO `CUSTOMER` VALUES (14,'Erica','Lopez','EricaLopez@aol.com');
INSERT INTO `CUSTOMER` VALUES (15,'Kenta','Katagawa','KentaKatagawa@yahoo.com');
INSERT INTO `CUSTOMER` VALUES (16,'Jackie','Doval','jackdoval@aol.com');
CREATE TABLE IF NOT EXISTS `ASSEMBLY_GROUP` (
	`AssemblyID`	INTEGER NOT NULL,
	`PartsID`	INTEGER NOT NULL,
	`PartsQuantity`	INTEGER NOT NULL,
	FOREIGN KEY(`PartsID`) REFERENCES `PARTS`(`PartsID`),
	PRIMARY KEY(`AssemblyID`)
);
INSERT INTO `ASSEMBLY_GROUP` VALUES (1,1,5);
INSERT INTO `ASSEMBLY_GROUP` VALUES (2,2,12);
INSERT INTO `ASSEMBLY_GROUP` VALUES (3,3,4);
INSERT INTO `ASSEMBLY_GROUP` VALUES (4,4,17);
INSERT INTO `ASSEMBLY_GROUP` VALUES (5,5,19);
INSERT INTO `ASSEMBLY_GROUP` VALUES (6,6,2);
INSERT INTO `ASSEMBLY_GROUP` VALUES (7,7,10);
INSERT INTO `ASSEMBLY_GROUP` VALUES (8,8,11);
INSERT INTO `ASSEMBLY_GROUP` VALUES (9,9,4);
INSERT INTO `ASSEMBLY_GROUP` VALUES (10,10,7);
CREATE TABLE IF NOT EXISTS `ADDRESS` (
	`AddressID`	INTEGER NOT NULL PRIMARY KEY AUTOINCREMENT UNIQUE,
	`Street`	TEXT NOT NULL,
	`City`	TEXT NOT NULL,
	`Zip`	INTEGER NOT NULL,
	`State`	TEXT NOT NULL
);
INSERT INTO `ADDRESS` VALUES (1,'1234 Forge St','West Covina',97372,'NY');
INSERT INTO `ADDRESS` VALUES (2,'3521 Calculator Ave','Rosemead',30474,'CA');
INSERT INTO `ADDRESS` VALUES (3,'8594 Info Blvd','Fullerton',24321,'NJ');
INSERT INTO `ADDRESS` VALUES (4,'9374 Type Ave','Irvine ',23457,'CA');
INSERT INTO `ADDRESS` VALUES (5,'3874 Willow Ave','Baldwin Park ',45689,'NV');
INSERT INTO `ADDRESS` VALUES (6,'0842 Hill St','Covina',49392,'CA');
INSERT INTO `ADDRESS` VALUES (7,'9743 Glenhope Dr','Anahiem',36806,'CA');
INSERT INTO `ADDRESS` VALUES (8,'8034 Meeker St','Acardia',33568,'CA');
INSERT INTO `ADDRESS` VALUES (9,'9743 Orange St ','La Puente',33679,'CA');
INSERT INTO `ADDRESS` VALUES (10,'9743 Azusa Ave','Inglewood',23694,'UT');
INSERT INTO `ADDRESS` VALUES (11,'0843 Badillo Ave','City Terrence',28478,'CA');
INSERT INTO `ADDRESS` VALUES (12,'0234 Valinda St','West Covina',97372,'CA');
INSERT INTO `ADDRESS` VALUES (13,'4982 Oak St','Covina',49392,'CA');
INSERT INTO `ADDRESS` VALUES (14,'9743 Bake St','Irvine ',48724,'CA');
INSERT INTO `ADDRESS` VALUES (15,'2038 Lap Ave','Fullerton',24321,'OR');
INSERT INTO `ADDRESS` VALUES (16,'5201 State Rd','City of Industry',94782,'CA');
INSERT INTO `ADDRESS` VALUES (17,'852 Railroad','Tustin',98735,'CA');
INSERT INTO `ADDRESS` VALUES (18,'1562 Callous Rd','Dallas',81482,'TX');
INSERT INTO `ADDRESS` VALUES (19,'560 Arch St','Dallas',81482,'TX');
INSERT INTO `ADDRESS` VALUES (20,'17800 Pacific Hwy','Albauquerque',65214,'NM');
INSERT INTO `ADDRESS` VALUES (21,'3215 Puente Rd','Folsom',69854,'NM');
INSERT INTO `ADDRESS` VALUES (22,'95314 Queens Ave','Reno',69832,'NV');
INSERT INTO `ADDRESS` VALUES (23,'9654 California Way','Los Alamos',15987,'NV');
INSERT INTO `ADDRESS` VALUES (24,'63201 Industry Rd','Chicago',75631,'IL');
INSERT INTO `ADDRESS` VALUES (25,'852 Elm St.','Chicago',75631,'IL');
INSERT INTO `ADDRESS` VALUES (1004,'Nutwood','Fullerton',13490,'CA');
COMMIT;
